"participant_id","variance","mean_response","mean_variance","sd_variance","low_variance"
"0a3ad530-4aab-45c6-a362-475078a28f2c",0,100,833.450260567458,741.887180242758,FALSE
"1984e371-3866-4945-8282-83882ea9260a",0,100,833.450260567458,741.887180242758,FALSE
"1c7b4f5a-482b-4a3a-a483-bd8098c76b6e",0,100,833.450260567458,741.887180242758,FALSE
"1e5c8122-1ab6-4699-9f8e-c394a281a999",0,100,833.450260567458,741.887180242758,FALSE
"21faf662-fdc8-41b2-9927-6ca0adac5de7",0,100,833.450260567458,741.887180242758,FALSE
"237cb5f0-49d0-421f-8b03-601dbaa9e6c2",0,100,833.450260567458,741.887180242758,FALSE
"25bcb66a-b341-4d2c-8e8b-42424828047e",0,100,833.450260567458,741.887180242758,FALSE
"2b93a854-8e30-40a2-bf61-6de19f0fbcda",0,100,833.450260567458,741.887180242758,FALSE
"3e8c599c-dac6-4bb6-a484-b5af9e1428cb",0,100,833.450260567458,741.887180242758,FALSE
"4608df58-fbdd-464b-8668-af47b332cafa",0,100,833.450260567458,741.887180242758,FALSE
"46b3966f-f798-4813-a5d3-7bcb86915c6e",0,100,833.450260567458,741.887180242758,FALSE
"530bd899-aa97-4a83-9689-87e3204833ac",0,100,833.450260567458,741.887180242758,FALSE
"5342df7e-0a10-47a6-a317-8fca47223f6d",0,100,833.450260567458,741.887180242758,FALSE
"61cbfbcd-0376-445e-acf4-536352d355ba",0,100,833.450260567458,741.887180242758,FALSE
"6deea714-48df-4949-9403-dd3c3c8878eb",0,100,833.450260567458,741.887180242758,FALSE
"81326024-78b8-46a0-8c25-710706c9943d",0,100,833.450260567458,741.887180242758,FALSE
"8cd6a0fd-91a9-47df-a7fc-f809fe66c0ff",0,100,833.450260567458,741.887180242758,FALSE
"a063e62b-44c2-4788-a38c-abbd70723cc0",0,100,833.450260567458,741.887180242758,FALSE
"a5cef793-d58d-4661-b78e-419cfe82798e",0,100,833.450260567458,741.887180242758,FALSE
"a84f495d-7ef7-4e0d-a322-cd71572258ed",0,100,833.450260567458,741.887180242758,FALSE
"aa5e4c95-0659-4af5-be9b-2bbd2af372fa",0,100,833.450260567458,741.887180242758,FALSE
"b45070aa-3fff-4a66-af40-32e8e1499ba2",0,100,833.450260567458,741.887180242758,FALSE
"b4b7dc89-4d4f-4897-8451-6b4140b4c903",0,100,833.450260567458,741.887180242758,FALSE
"b5cb5f7d-a2f1-4765-932e-53255b4c4f2a",0,100,833.450260567458,741.887180242758,FALSE
"c41590de-b49e-4f81-ac3d-8505a69125bc",0,100,833.450260567458,741.887180242758,FALSE
"cb4b1fad-6315-4317-a200-90aaddb42b5e",0,0,833.450260567458,741.887180242758,FALSE
"d1802b14-f19f-4da0-9f4d-f05ccff16a86",0,100,833.450260567458,741.887180242758,FALSE
"d39a7d0a-f29f-4ba1-9dce-261b9aafc903",0,100,833.450260567458,741.887180242758,FALSE
"d89f107f-33a3-49d8-8a7f-f87efd251823",0,100,833.450260567458,741.887180242758,FALSE
"e0223b6e-7ac0-428a-a027-526195c1851f",0,100,833.450260567458,741.887180242758,FALSE
"eb034506-5074-4fd6-a3cb-79ef83c94d28",0,100,833.450260567458,741.887180242758,FALSE
"ef1ff23d-ee47-45c7-bbb6-6d5489f2c078",0,100,833.450260567458,741.887180242758,FALSE
"f18f1af7-a1f7-4d0d-9b6b-bff748521bc9",0,50,833.450260567458,741.887180242758,FALSE
"f528f703-e4ee-4dee-bd3d-cd4dbe21cf51",0,100,833.450260567458,741.887180242758,FALSE
"7e19178c-6cda-495f-b7d4-848d6e7a3c6d",0.0909090909090909,99.9090909090909,833.450260567458,741.887180242758,FALSE
"34d154e6-d043-43db-b629-5372d02b00c2",0.218181818181818,99.7272727272727,833.450260567458,741.887180242758,FALSE
"9f52b732-0c2f-4d7f-83b5-242ac9a9eb66",0.854545454545454,50.3636363636364,833.450260567458,741.887180242758,FALSE
"01635669-5638-479c-a299-e93a5ff80576",0.872727272727273,50.5454545454545,833.450260567458,741.887180242758,FALSE
"fa7190da-f90e-4212-a462-44ff8482f1ce",2.27272727272727,99.4545454545455,833.450260567458,741.887180242758,FALSE
"22b26561-63a7-445e-8ed3-31fb81097929",4.45454545454545,99.3636363636364,833.450260567458,741.887180242758,FALSE
"f54f7fb3-b4b6-4a6d-b276-a8028a4405ac",7.01818181818182,85.7272727272727,833.450260567458,741.887180242758,FALSE
"c616392a-513f-4efd-afb7-56be9e9799fb",15.2181818181818,98.2727272727273,833.450260567458,741.887180242758,FALSE
"21031e72-42e3-4733-b064-d706b9203b1e",19.2545454545455,48.6363636363636,833.450260567458,741.887180242758,FALSE
"f4a723cd-9e9f-47a7-a32d-5ec0540156e0",50.8,47,833.450260567458,741.887180242758,FALSE
"caa11afe-17bc-447a-92c8-f66be01cc0d7",52.0727272727273,97.4545454545455,833.450260567458,741.887180242758,FALSE
"40a2af35-72d4-4c5f-8703-7ae039754dae",77.0909090909091,96.0909090909091,833.450260567458,741.887180242758,FALSE
"0ed2d57b-fd4c-46d6-b392-7938376e2967",81.8181818181818,97.2727272727273,833.450260567458,741.887180242758,FALSE
"5e06b5bf-435c-42c2-947d-11cb42affef0",86.2545454545455,92.3636363636364,833.450260567458,741.887180242758,FALSE
"a6e1e217-00eb-4f9e-9cbe-70b63a80704f",100.418181818182,85.7272727272727,833.450260567458,741.887180242758,FALSE
"84501aba-a21f-4468-86bd-69ee748bb23d",110.690909090909,43.0909090909091,833.450260567458,741.887180242758,FALSE
"bc66246a-8721-46cb-b63a-6583faca22aa",111.218181818182,86.7272727272727,833.450260567458,741.887180242758,FALSE
"23d4fda4-fd31-410c-83dd-9520c45fe166",114.854545454545,54.3636363636364,833.450260567458,741.887180242758,FALSE
"ca8268ab-9d71-4cb1-a755-0ccf9b8eac2e",124.963636363636,53.8181818181818,833.450260567458,741.887180242758,FALSE
"d25ff03b-8bb3-4ae3-b22d-9a826c298f8b",140.490909090909,59.0909090909091,833.450260567458,741.887180242758,FALSE
"1fc82fec-02f6-491c-a50f-e906a9f186ab",140.963636363636,88.8181818181818,833.450260567458,741.887180242758,FALSE
"7cd88c3e-2f49-46cc-b703-b4f4319c0148",144.6,79,833.450260567458,741.887180242758,FALSE
"42be6201-9797-4bc6-85b4-e56e3a3cd73e",156.4,84,833.450260567458,741.887180242758,FALSE
"576dbab4-8b13-4cbe-87b9-359f97424d76",162.254545454545,43.6363636363636,833.450260567458,741.887180242758,FALSE
"c926b3c1-14bb-42fb-9327-3b1dd2a83fb5",169.2,46,833.450260567458,741.887180242758,FALSE
"cf3eea08-16af-4287-bccc-ea8e3e759716",177.163636363636,29.8181818181818,833.450260567458,741.887180242758,FALSE
"a219e219-f7fa-41f6-a76b-6c6c6fbe4761",177.254545454545,55.3636363636364,833.450260567458,741.887180242758,FALSE
"fd634fdc-20a6-4dfd-96b4-f42154d82a0b",178.672727272727,69.5454545454545,833.450260567458,741.887180242758,FALSE
"f9110d37-9400-4c8f-8046-c1509fb11830",179.654545454545,90.3636363636364,833.450260567458,741.887180242758,FALSE
"a283a003-987e-4665-898a-4ef8f545a805",189.890909090909,73.9090909090909,833.450260567458,741.887180242758,FALSE
"94cd73e1-75f2-4793-a28f-9d3f7d4fd06f",190.090909090909,81.9090909090909,833.450260567458,741.887180242758,FALSE
"3dbc6374-602d-40f0-95b6-dcca29147a30",190.418181818182,74.7272727272727,833.450260567458,741.887180242758,FALSE
"8ee05d91-826f-4f33-8567-e3972ba83d48",199.8,44,833.450260567458,741.887180242758,FALSE
"739bd392-7254-4c2e-a0e2-7e0dfff8d818",200.818181818182,95.7272727272727,833.450260567458,741.887180242758,FALSE
"b71deba3-b0c7-4b2a-b997-614eae2bde70",203.272727272727,80.4545454545455,833.450260567458,741.887180242758,FALSE
"842f5006-7830-4aa7-a25d-545b24b2b96d",209.454545454545,4.36363636363636,833.450260567458,741.887180242758,FALSE
"bc9d7802-1678-49be-9ebd-7af514da1dfe",212.072727272727,60.4545454545455,833.450260567458,741.887180242758,FALSE
"ddc06775-fd14-4ca5-80d7-8f373f79e4ab",219.363636363636,90.8181818181818,833.450260567458,741.887180242758,FALSE
"52058163-6251-4e73-b33e-3f4cdb70cace",223.618181818182,94.2727272727273,833.450260567458,741.887180242758,FALSE
"beea1669-fd36-4c8d-a50d-ec09c24a18eb",225.290909090909,69.0909090909091,833.450260567458,741.887180242758,FALSE
"bbe0a5b0-244f-4ae9-ac3f-18df337e8b64",225.763636363636,55.8181818181818,833.450260567458,741.887180242758,FALSE
"3954aee9-a149-4116-8830-51ee964363e1",227.272727272727,54.5454545454545,833.450260567458,741.887180242758,FALSE
"81d9a83f-c0cc-4508-95ea-9e176f006e52",227.272727272727,95.4545454545455,833.450260567458,741.887180242758,FALSE
"c9785d9f-8ade-49e1-a668-c28e4bdc8ea1",227.272727272727,95.4545454545455,833.450260567458,741.887180242758,FALSE
"e347c83b-9bba-4b54-9212-cbd119188b76",237.872727272727,70.5454545454545,833.450260567458,741.887180242758,FALSE
"1f82330c-a5d9-4506-8c07-78358597f464",251.054545454545,45.6363636363636,833.450260567458,741.887180242758,FALSE
"062eadc0-6274-4687-b82a-3cbfbcfb53a4",253.963636363636,79.1818181818182,833.450260567458,741.887180242758,FALSE
"9ccb5c6c-5c20-48bc-a0f9-b26bf97dd68d",263.854545454545,77.3636363636364,833.450260567458,741.887180242758,FALSE
"3837bbeb-23ed-442c-b561-53a8841cf4b2",273.8,93,833.450260567458,741.887180242758,FALSE
"06d6857f-f5e5-4989-b6a1-c7ce47461b38",274,88,833.450260567458,741.887180242758,FALSE
"e7e0d882-2ec4-44d3-8dca-2543d1427e11",290.472727272727,60.4545454545455,833.450260567458,741.887180242758,FALSE
"068e0bb8-b3a1-4131-a2b7-8f63bcc39740",297.018181818182,52.7272727272727,833.450260567458,741.887180242758,FALSE
"ec0d29b3-d8ed-43ea-b555-8ea7025164b5",297.890909090909,85.9090909090909,833.450260567458,741.887180242758,FALSE
"2454d0ce-8c19-4c31-a2ac-67d390d7f7be",302.272727272727,22.5454545454545,833.450260567458,741.887180242758,FALSE
"06cd1dcc-216f-4533-a07c-7c65927cdfc8",305.872727272727,70.5454545454545,833.450260567458,741.887180242758,FALSE
"f7dcfe50-c7a8-4be9-ab37-743aa8903713",307.690909090909,84.0909090909091,833.450260567458,741.887180242758,FALSE
"8a74af64-a7b4-4e21-b8d9-25f430c27be4",308.763636363636,86.8181818181818,833.450260567458,741.887180242758,FALSE
"0269003c-0abc-402b-8a34-3dbbf2641f74",314.018181818182,54.2727272727273,833.450260567458,741.887180242758,FALSE
"005e47c2-0fd4-4a4b-83f4-b7f97f5ddc0b",319.563636363636,32.8181818181818,833.450260567458,741.887180242758,FALSE
"7a1876bb-20e4-4b31-931e-5cf83afd973e",320.472727272727,41.4545454545455,833.450260567458,741.887180242758,FALSE
"0221927b-a096-4ceb-98de-d9c3903f8559",321.854545454545,72.3636363636364,833.450260567458,741.887180242758,FALSE
"032a844b-4688-420d-8903-f0c3cf315999",331.018181818182,73.2727272727273,833.450260567458,741.887180242758,FALSE
"07796768-6c8a-4fb8-b730-51181f675987",335.290909090909,81.9090909090909,833.450260567458,741.887180242758,FALSE
"bab4817a-09c8-4253-989e-eefc7d2209bf",342.963636363636,87.8181818181818,833.450260567458,741.887180242758,FALSE
"15f040d9-b97c-4e4f-984b-fc674246d955",350.272727272727,62.4545454545455,833.450260567458,741.887180242758,FALSE
"e6fc79ef-ff5b-4b9d-bc61-a8ac36c93969",352.218181818182,81.2727272727273,833.450260567458,741.887180242758,FALSE
"9e08d71a-c7b8-4010-8b8f-ab8ee480395e",356.472727272727,74.4545454545455,833.450260567458,741.887180242758,FALSE
"444c7983-a3b9-40a6-b6c2-4e8f1180084a",358.163636363636,71.1818181818182,833.450260567458,741.887180242758,FALSE
"3de08011-8868-4823-be89-7221cd3743f7",359.254545454545,90.3636363636364,833.450260567458,741.887180242758,FALSE
"d421c25c-3899-42f6-8994-2244172bc8df",367.290909090909,52.0909090909091,833.450260567458,741.887180242758,FALSE
"b6ebdc76-7424-4e08-b89d-00f137e9b2ea",373.090909090909,51.0909090909091,833.450260567458,741.887180242758,FALSE
"fe8da891-d0a5-46d6-91da-843c8da472ef",375.690909090909,83.0909090909091,833.450260567458,741.887180242758,FALSE
"abfd6cb0-7de6-4e08-82d0-0cdb1117cf7c",380.854545454545,70.3636363636364,833.450260567458,741.887180242758,FALSE
"2c6a6356-0d70-4642-9330-b3df2b765364",389.290909090909,46.9090909090909,833.450260567458,741.887180242758,FALSE
"7fb9bf74-3887-4383-b6e1-c104d7e0a28b",396.272727272727,84.4545454545455,833.450260567458,741.887180242758,FALSE
"5386d8d5-5462-46e4-9ff6-d909cfa26e02",404.290909090909,24.0909090909091,833.450260567458,741.887180242758,FALSE
"192ff8fa-7255-48a6-a0af-3822ebcb2882",409.090909090909,90.9090909090909,833.450260567458,741.887180242758,FALSE
"25377b1e-3682-422f-901e-2685cc90bec6",409.090909090909,90.9090909090909,833.450260567458,741.887180242758,FALSE
"a29115e0-66e8-47eb-84fa-d09e32b8a709",413.690909090909,58.9090909090909,833.450260567458,741.887180242758,FALSE
"2fbabc07-a3c0-41ce-a21a-57d7b268baad",417.363636363636,90.8181818181818,833.450260567458,741.887180242758,FALSE
"2ae1c3b2-716e-4766-98f6-16b2f22a606c",447.963636363636,63.8181818181818,833.450260567458,741.887180242758,FALSE
"f94ffb64-f9d7-4f8f-b22e-8af34966d161",449.418181818182,44.7272727272727,833.450260567458,741.887180242758,FALSE
"11cfc4be-697d-4058-8d07-d56be969435c",452.963636363636,84.1818181818182,833.450260567458,741.887180242758,FALSE
"e19b4461-9b64-4941-bea2-141d90f0e577",465.418181818182,63.2727272727273,833.450260567458,741.887180242758,FALSE
"6767fd32-da56-4d47-a036-10bdfb473f20",465.890909090909,58.9090909090909,833.450260567458,741.887180242758,FALSE
"e4e33394-8e84-404b-97e2-970ad544673e",478.963636363636,76.8181818181818,833.450260567458,741.887180242758,FALSE
"7e8f973a-2cf2-4efa-8b01-280024d49e83",487.054545454545,67.3636363636364,833.450260567458,741.887180242758,FALSE
"b3bf26c2-1403-4323-8458-43e6655b53ba",500.854545454545,87.3636363636364,833.450260567458,741.887180242758,FALSE
"d618e10b-e107-441f-8df2-6db8a960cc23",500.872727272727,69.5454545454545,833.450260567458,741.887180242758,FALSE
"43f67e28-cb6f-4d41-b91e-5c540aec3818",503.618181818182,71.2727272727273,833.450260567458,741.887180242758,FALSE
"c5295dd0-6076-4e85-a880-4333f88cce90",504.254545454545,71.6363636363636,833.450260567458,741.887180242758,FALSE
"cdff5029-ab8a-4cf5-817a-a852060075a3",512.490909090909,65.0909090909091,833.450260567458,741.887180242758,FALSE
"99ba50e7-2468-4d73-a903-cd9cbc70fe06",513.963636363636,52.1818181818182,833.450260567458,741.887180242758,FALSE
"087044f7-7185-4a4c-9a06-ff55bebc53a7",521.490909090909,72.9090909090909,833.450260567458,741.887180242758,FALSE
"780fa277-adab-45c0-a23c-55541ecc6727",540.163636363636,63.1818181818182,833.450260567458,741.887180242758,FALSE
"79699396-0060-4cae-bcdf-0c1a7a8f8fe9",540.218181818182,69.7272727272727,833.450260567458,741.887180242758,FALSE
"4325e36e-7ced-4258-bda4-6602226c17a2",542.272727272727,73.4545454545455,833.450260567458,741.887180242758,FALSE
"45a3c9a8-9418-45d8-b153-5a0334f1220b",545.454545454545,86.3636363636364,833.450260567458,741.887180242758,FALSE
"50448958-234a-4150-80ed-9a5f32955b96",545.454545454545,74.6363636363636,833.450260567458,741.887180242758,FALSE
"a8d08a13-cfcf-4819-a7b6-df33ac4b50ac",545.454545454545,86.3636363636364,833.450260567458,741.887180242758,FALSE
"ed9c10da-1cb7-4570-a063-cdef46b802c0",549.272727272727,67.5454545454545,833.450260567458,741.887180242758,FALSE
"4d4582ea-a389-47ec-857d-bf5d8d2927d2",551.818181818182,59.7272727272727,833.450260567458,741.887180242758,FALSE
"2e15efec-533a-4f9b-ae24-2554363f8475",554.618181818182,51.7272727272727,833.450260567458,741.887180242758,FALSE
"5880fcb4-b189-4806-a3c1-d5d646af2ca4",569.618181818182,54.2727272727273,833.450260567458,741.887180242758,FALSE
"4e1ed491-0efd-4eb2-8b43-6cb3ace9baef",571.618181818182,45.7272727272727,833.450260567458,741.887180242758,FALSE
"5bb72f1e-d240-4aca-b125-2ed2dd8c8922",572.872727272727,65.4545454545455,833.450260567458,741.887180242758,FALSE
"7352091c-183f-42dd-8c81-a30f507b817b",573.018181818182,61.2727272727273,833.450260567458,741.887180242758,FALSE
"9668e36d-7a65-459b-835b-bd21c3b0f7eb",579.4,69,833.450260567458,741.887180242758,FALSE
"e0cf1f98-0bf1-4090-8b1a-92783ec4ccfa",584.854545454545,78.6363636363636,833.450260567458,741.887180242758,FALSE
"f08ca606-ae81-449d-a5e7-f6c48e9f2799",587.218181818182,87.7272727272727,833.450260567458,741.887180242758,FALSE
"523a85df-caad-493c-a78f-cb3c23a41a73",587.654545454545,40.6363636363636,833.450260567458,741.887180242758,FALSE
"4d7f4c97-5286-4e86-85b8-a468e67f7a03",600.163636363636,74.1818181818182,833.450260567458,741.887180242758,FALSE
"c5535ff1-4fae-4b74-810f-e4f752e17f73",605.854545454545,69.6363636363636,833.450260567458,741.887180242758,FALSE
"53fe69b7-ccfb-4627-bc30-56aadf47662c",611.072727272727,58.5454545454545,833.450260567458,741.887180242758,FALSE
"7a005b35-7686-450b-bb1a-20de6aff997c",621.254545454545,27.6363636363636,833.450260567458,741.887180242758,FALSE
"e50f0e1c-eb73-4cf9-b619-dd72b42a3618",622.563636363636,83.1818181818182,833.450260567458,741.887180242758,FALSE
"91cb0e1c-463d-4ea4-85a2-74e073a4225d",623,82,833.450260567458,741.887180242758,FALSE
"f747858e-a00e-488c-9304-a7bf8302c0cd",624,82,833.450260567458,741.887180242758,FALSE
"ef100199-08c5-4611-9f2a-3cba3383ccc5",629.218181818182,59.7272727272727,833.450260567458,741.887180242758,FALSE
"17f7074e-1982-422d-98b9-57670f16a418",629.254545454545,68.3636363636364,833.450260567458,741.887180242758,FALSE
"c3c04e26-b0a0-4516-acdd-2599fec360bf",630.490909090909,75.0909090909091,833.450260567458,741.887180242758,FALSE
"3bd0f496-5ddb-419e-a84f-17575af65e85",633.6,41,833.450260567458,741.887180242758,FALSE
"845a8760-bfb9-45f6-99c2-e5ff83c9b367",637.090909090909,51.9090909090909,833.450260567458,741.887180242758,FALSE
"7b78fc5b-a22b-4dde-afa3-c3d44adccac9",639.290909090909,63.9090909090909,833.450260567458,741.887180242758,FALSE
"a5c78c9c-f1c2-4255-bc8d-13af601a2447",640.090909090909,68.0909090909091,833.450260567458,741.887180242758,FALSE
"14b1fd8e-4fc5-4624-b066-ad5b51ac36a5",642.072727272727,47.4545454545455,833.450260567458,741.887180242758,FALSE
"01e4dee2-5c3d-4320-b510-6d19c6170618",643.072727272727,64.5454545454545,833.450260567458,741.887180242758,FALSE
"50c4b66b-0444-4a72-a9fc-1ec55f58caac",649.454545454545,81.6363636363636,833.450260567458,741.887180242758,FALSE
"7fb12cb2-cd5b-433d-8054-e0292682d323",651.418181818182,81.7272727272727,833.450260567458,741.887180242758,FALSE
"300501f2-e14b-4ddb-9d01-a5e90770b846",671.072727272727,88.4545454545455,833.450260567458,741.887180242758,FALSE
"bec80371-6102-48f7-ab04-1d55b14a7b02",675.654545454545,75.6363636363636,833.450260567458,741.887180242758,FALSE
"1b16d5a9-a4e8-4eda-b14f-7e0531108461",678.818181818182,69.7272727272727,833.450260567458,741.887180242758,FALSE
"167a4755-521c-46fc-966d-aebe7ce276a0",680.854545454545,85.6363636363636,833.450260567458,741.887180242758,FALSE
"53fcd3b5-cc7a-45d8-bc11-e8c8a8d5903d",692.272727272727,84.4545454545455,833.450260567458,741.887180242758,FALSE
"1356ec7b-b826-4519-8236-6594ba516474",694.490909090909,53.9090909090909,833.450260567458,741.887180242758,FALSE
"eaf0f01c-6e59-4ac4-b3eb-b8ee316e20d9",695.472727272727,85.5454545454545,833.450260567458,741.887180242758,FALSE
"a508997c-605c-44a0-b71a-1d7cd4fcfd32",711.072727272727,53.5454545454545,833.450260567458,741.887180242758,FALSE
"399436e0-62f5-444a-8968-91dad0b496a9",714.490909090909,69.0909090909091,833.450260567458,741.887180242758,FALSE
"241b2086-b248-4da1-b074-2b32b666c47a",721.163636363636,80.8181818181818,833.450260567458,741.887180242758,FALSE
"b65ae36c-2e34-430a-939a-a4511e55408b",726.272727272727,76.5454545454545,833.450260567458,741.887180242758,FALSE
"dbbd47eb-419f-4ee7-ab98-581f7a484c58",726.272727272727,76.5454545454545,833.450260567458,741.887180242758,FALSE
"f1abf172-6dbc-4a0c-8151-f71d781e4212",727.272727272727,54.5454545454545,833.450260567458,741.887180242758,FALSE
"187533b0-06b2-4225-b59a-32d91a460ca5",728.272727272727,65.5454545454545,833.450260567458,741.887180242758,FALSE
"fba09205-d0cb-4038-9632-7aca191617b7",741.690909090909,26.0909090909091,833.450260567458,741.887180242758,FALSE
"904b9807-c6ce-4b03-8bf1-de526dc869e4",744.690909090909,64.0909090909091,833.450260567458,741.887180242758,FALSE
"7aa126c6-4893-4575-96ed-f88ed90dc14e",747.218181818182,87.2727272727273,833.450260567458,741.887180242758,FALSE
"0f04c0d4-0433-435d-81b6-666043aa6188",798.563636363636,61.1818181818182,833.450260567458,741.887180242758,FALSE
"5c8b9c6f-71e5-4ce8-b4c7-d169a95170ab",811.163636363636,82.1818181818182,833.450260567458,741.887180242758,FALSE
"caf415ac-f532-49a6-9b64-8dfe50b26ae8",824.072727272727,87.4545454545455,833.450260567458,741.887180242758,FALSE
"00d6f0e6-7287-40af-b1dc-c9f53e4b266a",827.763636363636,70.1818181818182,833.450260567458,741.887180242758,FALSE
"ec0aaf38-2002-4ea0-aaf5-23f87658caf1",829.418181818182,75.2727272727273,833.450260567458,741.887180242758,FALSE
"b6b12178-11b5-4073-85cb-914022a8983c",838.272727272727,78.4545454545455,833.450260567458,741.887180242758,FALSE
"f97b449f-ce08-4a13-81f4-9bd354a37546",838.272727272727,69.5454545454545,833.450260567458,741.887180242758,FALSE
"c2429f39-3d91-48d0-bd06-478d4f57bbac",841.818181818182,19.7272727272727,833.450260567458,741.887180242758,FALSE
"f8484ac7-db94-4c1d-81c8-57bc73781376",853.490909090909,77.0909090909091,833.450260567458,741.887180242758,FALSE
"2cb7a1be-e22e-4b08-af67-e440179a19f3",865.272727272727,57.5454545454545,833.450260567458,741.887180242758,FALSE
"cb7fa869-5746-4062-b8dc-6ffd403a9310",871.218181818182,78.7272727272727,833.450260567458,741.887180242758,FALSE
"bb47fd15-8cbc-48e1-9bc4-86f46e388dce",872.618181818182,68.7272727272727,833.450260567458,741.887180242758,FALSE
"85694ff7-1418-4c9f-90ae-e9a66cf34327",873.490909090909,69.0909090909091,833.450260567458,741.887180242758,FALSE
"63b721e1-dcfa-473b-afc6-b3fa7749abe7",875.418181818182,83.7272727272727,833.450260567458,741.887180242758,FALSE
"50d31fc5-0ee5-4063-8bfc-0e91bd27ac13",875.890909090909,79.9090909090909,833.450260567458,741.887180242758,FALSE
"d4d30d92-ebf6-4231-ba16-cf32d3d5deab",902.272727272727,90.5454545454545,833.450260567458,741.887180242758,FALSE
"95a4ff23-b623-4de0-9a8c-73eebda3f101",907.763636363636,53.1818181818182,833.450260567458,741.887180242758,FALSE
"18055f94-8489-425e-ab45-baa50a909955",909.090909090909,90.9090909090909,833.450260567458,741.887180242758,FALSE
"214e1361-9302-47fe-9ca0-85451ea17d94",909.090909090909,9.09090909090909,833.450260567458,741.887180242758,FALSE
"2e412240-d692-43c3-8e4b-602f1987cd47",909.090909090909,90.9090909090909,833.450260567458,741.887180242758,FALSE
"4cd5b1e7-74a1-41b3-a950-f3b1b7fae81f",909.090909090909,90.9090909090909,833.450260567458,741.887180242758,FALSE
"6d3fb624-54dc-4a41-a380-b7ff586cbe48",909.090909090909,90.9090909090909,833.450260567458,741.887180242758,FALSE
"b7a60e47-35db-47ad-bf91-d2ec7e964ac9",909.090909090909,90.9090909090909,833.450260567458,741.887180242758,FALSE
"ccc17479-10a6-4ef5-a33f-6abe4c289846",909.090909090909,90.9090909090909,833.450260567458,741.887180242758,FALSE
"d4c65d0a-c58d-4711-b60c-22e6f318f22f",909.090909090909,90.9090909090909,833.450260567458,741.887180242758,FALSE
"d6cad773-e207-4b76-b0ac-d3fe7e5dc28e",909.090909090909,9.09090909090909,833.450260567458,741.887180242758,FALSE
"e363c195-7619-4370-a7c8-14bc0c114ad7",909.090909090909,90.9090909090909,833.450260567458,741.887180242758,FALSE
"e81162db-1d3d-4104-a723-483cbc77c46d",909.090909090909,90.9090909090909,833.450260567458,741.887180242758,FALSE
"ec56fd0c-0e64-4a41-b004-a65608d3ab05",909.090909090909,90.9090909090909,833.450260567458,741.887180242758,FALSE
"ff7d204c-9087-4e3f-8c71-11df4c621b1f",909.090909090909,90.9090909090909,833.450260567458,741.887180242758,FALSE
"fc07fd22-097a-48b1-bcab-9a508de55857",931.090909090909,39.0909090909091,833.450260567458,741.887180242758,FALSE
"b99ab57e-6121-436b-88a1-edeaac4a2567",941.890909090909,81.0909090909091,833.450260567458,741.887180242758,FALSE
"96f36b4e-0ccc-400b-8768-2ab97cb21fa6",944.490909090909,84.0909090909091,833.450260567458,741.887180242758,FALSE
"1a2f4211-0285-455c-87b4-312c94b093c4",955.018181818182,50.2727272727273,833.450260567458,741.887180242758,FALSE
"b59ae825-f187-434e-aa74-ce5c69523b7b",966.763636363636,52.1818181818182,833.450260567458,741.887180242758,FALSE
"01abb0e5-45f5-4bbd-9298-901a92d5cf71",973.872727272727,67.4545454545455,833.450260567458,741.887180242758,FALSE
"bf69db25-d684-4ef2-bc5c-1893be4cc070",975.6,52,833.450260567458,741.887180242758,FALSE
"1252ec3d-b1a9-4e7d-94fb-6427049048a0",1017.89090909091,13.9090909090909,833.450260567458,741.887180242758,FALSE
"8d770ea4-0c60-4e86-a8de-8338627b9ef7",1020.21818181818,44.2727272727273,833.450260567458,741.887180242758,FALSE
"ba32613b-0a3b-4216-a3e6-e5d91a85889d",1037.07272727273,72.4545454545455,833.450260567458,741.887180242758,FALSE
"ff09f608-1549-45ab-bda9-1e5895655169",1037.49090909091,68.0909090909091,833.450260567458,741.887180242758,FALSE
"14efc0ed-2ead-4421-b718-545faffa7177",1040.36363636364,66.1818181818182,833.450260567458,741.887180242758,FALSE
"71970805-3b45-4f7b-b401-5aa0d894628e",1040.36363636364,86.1818181818182,833.450260567458,741.887180242758,FALSE
"ebc3932c-b01c-49ca-99ac-e8ba54be3555",1041.29090909091,61.0909090909091,833.450260567458,741.887180242758,FALSE
"c60487c6-a1b0-4d16-afc1-6bbd7e43aaf3",1053.05454545455,47.6363636363636,833.450260567458,741.887180242758,FALSE
"8f0db9e0-c458-4a28-a021-c76531f6945e",1055.8,46,833.450260567458,741.887180242758,FALSE
"7994692c-133b-4183-9d9e-1c62762a7a86",1092.4,70,833.450260567458,741.887180242758,FALSE
"04f5f176-2bbe-4bc2-9737-25ce62be2e01",1095.89090909091,69.0909090909091,833.450260567458,741.887180242758,FALSE
"0675f645-c8c5-4986-b6c1-3e75e9fb36c4",1099.56363636364,49.8181818181818,833.450260567458,741.887180242758,FALSE
"479aee71-774e-4bb2-809a-87bd9ac47b00",1100.05454545455,64.3636363636364,833.450260567458,741.887180242758,FALSE
"c04a3563-fcc5-4fb4-84db-0601fbd70d3d",1105.61818181818,17.7272727272727,833.450260567458,741.887180242758,FALSE
"2ece34d1-ea85-410e-a283-6fb8b87352ba",1120.27272727273,66.4545454545455,833.450260567458,741.887180242758,FALSE
"de223ce5-5621-442a-af92-f4fdc75095f5",1121.96363636364,57.8181818181818,833.450260567458,741.887180242758,FALSE
"3b6b9f25-0e1e-4f9f-be23-d56c64147709",1132.81818181818,81.7272727272727,833.450260567458,741.887180242758,FALSE
"dbe5d2fd-dc4d-43b2-83ed-03935192ab47",1158.85454545455,67.6363636363636,833.450260567458,741.887180242758,FALSE
"94f60cc7-501d-4c99-a071-fdfb44256ce0",1178.41818181818,77.7272727272727,833.450260567458,741.887180242758,FALSE
"d23dafdd-ba9d-4eb4-a34e-5f019215f576",1179.05454545455,58.3636363636364,833.450260567458,741.887180242758,FALSE
"9570623c-d6ae-4cff-8612-dcfe3b07f1f3",1200.2,40,833.450260567458,741.887180242758,FALSE
"0c53fd6c-dad2-4d0e-aec4-92a2a54d306f",1249.4,74,833.450260567458,741.887180242758,FALSE
"b058a304-3925-41cf-b232-2b262a75715c",1273.21818181818,59.2727272727273,833.450260567458,741.887180242758,FALSE
"ad88121d-d4eb-459d-959e-c190e0aaed8f",1300.27272727273,76.4545454545455,833.450260567458,741.887180242758,FALSE
"96e720db-18f9-45c7-9026-9f844669f2af",1315.89090909091,48.0909090909091,833.450260567458,741.887180242758,FALSE
"907637c0-a246-4bdd-b140-30792d35e1a9",1327.27272727273,75.4545454545455,833.450260567458,741.887180242758,FALSE
"6e9ab343-44b0-4e9f-93bb-861a1292a2f2",1328.65454545455,77.6363636363636,833.450260567458,741.887180242758,FALSE
"6fbfdc34-31ee-4010-ab06-94617ae63a0b",1333.87272727273,59.4545454545455,833.450260567458,741.887180242758,FALSE
"7ccee768-524d-413f-9078-5af469ef9a65",1350.67272727273,63.4545454545455,833.450260567458,741.887180242758,FALSE
"a24baec8-d773-4b30-bec6-792fefc86732",1372.85454545455,80.3636363636364,833.450260567458,741.887180242758,FALSE
"c9335b29-026d-40f3-b523-ffc9dea18058",1439.25454545455,79.6363636363636,833.450260567458,741.887180242758,FALSE
"c34eeb74-a974-44a8-88c4-2bb33e9a5b2e",1451.21818181818,69.2727272727273,833.450260567458,741.887180242758,FALSE
"56d8a342-145f-4e01-b909-0f29091edd97",1451.61818181818,63.7272727272727,833.450260567458,741.887180242758,FALSE
"6ce8e609-0364-4f2b-85f7-dcf249416cf4",1495.29090909091,47.9090909090909,833.450260567458,741.887180242758,FALSE
"637212af-7c5c-4e94-85bd-88895a99e29f",1495.47272727273,69.4545454545455,833.450260567458,741.887180242758,FALSE
"a4f7eb64-1d66-4337-b96d-3b726093c4b7",1535.96363636364,72.8181818181818,833.450260567458,741.887180242758,FALSE
"00cb0148-33e7-4e9e-9740-436bf636861b",1539.61818181818,41.7272727272727,833.450260567458,741.887180242758,FALSE
"b43effb7-f61f-4c76-9b85-a3fe79e9591a",1553.89090909091,60.9090909090909,833.450260567458,741.887180242758,FALSE
"87a38b24-d8e1-452a-a9cf-3f2d4b0282d9",1561.89090909091,79.0909090909091,833.450260567458,741.887180242758,FALSE
"e79985ab-5348-4863-8e85-c6413f7c961a",1582.69090909091,65.0909090909091,833.450260567458,741.887180242758,FALSE
"c465f392-48eb-4963-a6a9-1d449d2fee4c",1613.45454545455,51.6363636363636,833.450260567458,741.887180242758,FALSE
"4e3953ab-69e0-4339-8f9d-52ba751a1f01",1615.36363636364,81.1818181818182,833.450260567458,741.887180242758,FALSE
"7eaa0a59-fcb2-40fb-b00b-4873113218d0",1626.27272727273,18.4545454545455,833.450260567458,741.887180242758,FALSE
"9a2faaf3-bccb-4299-bba7-be1f24fc0640",1629.45454545455,18.3636363636364,833.450260567458,741.887180242758,FALSE
"c1c077f7-b438-4856-b106-8de032bebf6c",1633.36363636364,73.8181818181818,833.450260567458,741.887180242758,FALSE
"047b9c97-c741-4703-9236-b95c287bd855",1636.36363636364,81.8181818181818,833.450260567458,741.887180242758,FALSE
"0eb8ba3e-1d5d-4df7-aa3c-893753015bad",1636.36363636364,81.8181818181818,833.450260567458,741.887180242758,FALSE
"169c02e5-0686-4641-9e9b-50dce24fd149",1636.36363636364,81.8181818181818,833.450260567458,741.887180242758,FALSE
"4a963894-ee6b-4d7a-93b9-86d7f1c5e221",1636.36363636364,81.8181818181818,833.450260567458,741.887180242758,FALSE
"5ee568e6-c5b4-4557-b492-86b60e9e6ced",1636.36363636364,18.1818181818182,833.450260567458,741.887180242758,FALSE
"c3d51df5-638b-4965-95f6-8b54cd238d62",1636.36363636364,81.8181818181818,833.450260567458,741.887180242758,FALSE
"cb14e7b7-b0f8-415c-8d28-184bdb1615a5",1636.36363636364,81.8181818181818,833.450260567458,741.887180242758,FALSE
"cef4cef9-ade4-456f-85cb-212cb8542e4a",1636.36363636364,81.8181818181818,833.450260567458,741.887180242758,FALSE
"e469bbe0-788b-4d53-91e0-64c2379a1355",1636.36363636364,81.8181818181818,833.450260567458,741.887180242758,FALSE
"ff179b28-159a-4645-b7ba-0bfd7715195e",1636.36363636364,18.1818181818182,833.450260567458,741.887180242758,FALSE
"207c3245-eaf4-48e9-a0cd-561ff39c5346",1670.61818181818,64.7272727272727,833.450260567458,741.887180242758,FALSE
"8889b929-a547-41c8-afda-e8a7d397b85a",1685.05454545455,63.6363636363636,833.450260567458,741.887180242758,FALSE
"b21eebd4-89a0-4e47-9633-7ce12b4fc3e1",1685.67272727273,68.5454545454545,833.450260567458,741.887180242758,FALSE
"42b10962-e110-48ee-8642-8a7eb8243d37",1709.85454545455,56.6363636363636,833.450260567458,741.887180242758,FALSE
"a871b0db-e6dc-4d45-90b3-64e1f4c9a6bf",1813.81818181818,68.2727272727273,833.450260567458,741.887180242758,FALSE
"9b83b6f0-ed8e-4d2f-9eb9-325beca4d866",1848.01818181818,62.7272727272727,833.450260567458,741.887180242758,FALSE
"66dbcbea-cb37-47b9-a2f2-b5844c4249d1",1908.96363636364,52.1818181818182,833.450260567458,741.887180242758,FALSE
"fe440659-7d1b-4ce3-9f85-7fbd0ef12457",1929.4,41,833.450260567458,741.887180242758,FALSE
"a344da18-d9cb-494b-9f0d-b621a0725ffe",1995.67272727273,58.5454545454545,833.450260567458,741.887180242758,FALSE
"fcde170b-21f9-48a0-8730-382ad351bf72",2019.2,61,833.450260567458,741.887180242758,FALSE
"e9017d12-4358-4951-999c-b069419f7a5c",2115.36363636364,31.1818181818182,833.450260567458,741.887180242758,FALSE
"e6b85b62-a331-4e2a-8cfa-f9e6d576b9fa",2144,72,833.450260567458,741.887180242758,FALSE
"87e35557-c15b-46d0-9f50-8613ec490141",2156.81818181818,72.2727272727273,833.450260567458,741.887180242758,FALSE
"9bf08331-95a2-4867-85ae-6b2fa5489732",2167.36363636364,27.1818181818182,833.450260567458,741.887180242758,FALSE
"148c84d0-026a-4d1f-8198-973bc156c75c",2176.45454545455,27.3636363636364,833.450260567458,741.887180242758,FALSE
"eea7fbd9-2e27-4f95-a1a6-006eeddf9415",2176.45454545455,27.3636363636364,833.450260567458,741.887180242758,FALSE
"2d7a80d2-adb1-445b-9a3f-59aaac0f2a4e",2181.81818181818,72.7272727272727,833.450260567458,741.887180242758,FALSE
"ad4e35de-b563-4a7d-905d-f5daa8f46b1a",2181.81818181818,72.7272727272727,833.450260567458,741.887180242758,FALSE
"b6dc74e7-1b35-4025-ae00-7056ba26a2b5",2181.81818181818,72.7272727272727,833.450260567458,741.887180242758,FALSE
"bc30fbf5-29cb-4089-8705-565d2e2225e2",2181.81818181818,72.7272727272727,833.450260567458,741.887180242758,FALSE
"e23f0b8f-341b-4de4-aa5c-530a2a8cf803",2181.81818181818,72.7272727272727,833.450260567458,741.887180242758,FALSE
"48996375-94de-438e-bc4b-fb2b2d02a6ed",2251.21818181818,38.7272727272727,833.450260567458,741.887180242758,FALSE
"a0e5be70-c78d-4d54-9347-543002d252c9",2351.69090909091,63.9090909090909,833.450260567458,741.887180242758,FALSE
"92dd7b6b-8d75-4fb7-908d-f6362786228a",2408.69090909091,64.0909090909091,833.450260567458,741.887180242758,FALSE
"0138732c-d233-42f8-bc86-485fd83d2a8e",2447.25454545455,37.6363636363636,833.450260567458,741.887180242758,FALSE
"7426c3b1-64ff-4e61-b281-de3f65d61a93",2520.36363636364,63.8181818181818,833.450260567458,741.887180242758,FALSE
"5e607308-98ee-4d0e-a53f-8ab93250ee62",2538.27272727273,36.4545454545455,833.450260567458,741.887180242758,FALSE
"a1e729e9-335c-4278-8664-8ef00908f109",2545.45454545455,36.3636363636364,833.450260567458,741.887180242758,FALSE
"e32f3f95-7e10-480c-8f57-2a9535bcce13",2545.45454545455,63.6363636363636,833.450260567458,741.887180242758,FALSE
"ef3f2f80-1575-4d59-9e85-2031e0a51a78",2545.45454545455,63.6363636363636,833.450260567458,741.887180242758,FALSE
"cb332d8a-6af0-4bc1-a445-04dad76be6fe",2550.27272727273,47.5454545454545,833.450260567458,741.887180242758,FALSE
"450be0d0-d0a5-44c2-9915-2d9b872868e1",2676.16363636364,54.8181818181818,833.450260567458,741.887180242758,FALSE
"ba8ad5cd-1bda-484b-86d9-148164296a59",2705.81818181818,54.7272727272727,833.450260567458,741.887180242758,FALSE
"03c5140e-b3bb-4bac-9127-66ecb3652af7",2727.27272727273,45.4545454545455,833.450260567458,741.887180242758,FALSE
"05e0b8e1-06b8-4ba1-b4e1-8d45fa894b96",2727.27272727273,45.4545454545455,833.450260567458,741.887180242758,FALSE
"14a3b82f-e21f-46f7-9b5e-eef26ca28548",2727.27272727273,54.5454545454545,833.450260567458,741.887180242758,FALSE
"4b7f9c1a-caab-4241-991a-8fb353527699",2727.27272727273,54.5454545454545,833.450260567458,741.887180242758,FALSE
"ae340294-0767-4586-948e-43a3b2c0209b",2727.27272727273,54.5454545454545,833.450260567458,741.887180242758,FALSE
"cbf0001f-7a86-49d4-9c45-00093470f824",2727.27272727273,54.5454545454545,833.450260567458,741.887180242758,FALSE
"d5c06246-a911-480a-af5e-ea6d847a2421",2727.27272727273,45.4545454545455,833.450260567458,741.887180242758,FALSE
"e070cf95-413d-4d96-b703-2b597bd9bfc6",2727.27272727273,54.5454545454545,833.450260567458,741.887180242758,FALSE
"e19e89fa-a7e5-42e3-addb-e821530908e3",2727.27272727273,54.5454545454545,833.450260567458,741.887180242758,FALSE
